AcceptFilter,core
AcceptMutex,core
AcceptPathInfo,core
AccessConfig,core
AccessFileName,core
AddDefaultCharset,core
AddModule,core
AllowEncodedSlashes,core
AllowOverride,core
AllowOverrideList,core
AuthName,core
AuthType,core
BindAddress,core
BS2000Account,core
CGIMapExtension,core
CGIPassAuth,core
ClearModuleList,core
ContentDigest,core
CoreDumpDirectory,core
DefaultRuntimeDir,core
DefaultType,core
Define,core
DocumentRoot,core
EBCDICConvert,core
EBCDICConvertByType,core
EBCDICKludge,core
EnableMMAP,core
EnableSendfile,core
Error,core
ErrorDocument,core
ErrorLog,core
ErrorLogFormat,core
FileETag,core
ForceType,core
GprofDir,core
Group,core
HostnameLookups,core
IdentityCheck,core
Include,core
IncludeOptional,core
KeepAlive,core
KeepAliveTimeout,core
LimitInternalRecursion,core
LimitRequestBody,core
LimitRequestFields,core
LimitRequestFieldsize,core
LimitRequestLine,core
LimitXMLRequestBody,core
Listen,core
ListenBacklog,core
LockFile,core
LogLevel,core
MaxClients,core
MaxKeepAliveRequests,core
MaxRangeOverlaps,core
MaxRangeReversals,core
MaxRanges,core
MaxRequestsPerChild,core
MaxSpareServers,core
MergeTrailers,core
MinSpareServers,core
Mutex,core
NameVirtualHost,core
Options,core
PidFile,core
Port,core
Protocol,core
Require,core
Require,core
ResourceConfig,core
RLimitCPU,core
RLimitMEM,core
RLimitNPROC,core
Satisfy,core
ScoreBoardFile,core
ScriptInterpreterSource,core
SeeRequestTail,core
SendBufferSize,core
ServerAdmin,core
ServerAlias,core
ServerName,core
ServerPath,core
ServerRoot,core
ServerSignature,core
ServerTokens,core
ServerType,core
SetHandler,core
SetInputFilter,core
SetOutputFilter,core
StartServers,core
ThreadsPerChild,core
ThreadStackSize,core
TimeOut,core
TraceEnable,core
UnDefine,core
UseCanonicalName,core
UseCanonicalPhysicalPort,core
User,core
AuthLDAPAuthorizePrefix,mod_ authnz_ldap
AuthLDAPBindAuthoritative,mod_ authnz_ldap
AuthLDAPCharsetConfig,mod_ authnz_ldap
AuthLDAPCompareAsUser,mod_ authnz_ldap
AuthLDAPInitialBindAsUser,mod_ authnz_ldap
AuthLDAPInitialBindPattern,mod_ authnz_ldap
AuthLDAPMaxSubGroupDepth,mod_ authnz_ldap
AuthLDAPRemoteUserAttribute,mod_ authnz_ldap
AuthLDAPSearchAsUser,mod_ authnz_ldap
AuthLDAPSubGroupAttribute,mod_ authnz_ldap
AuthLDAPSubGroupClass,mod_ authnz_ldap
Allow,mod_access
Deny,mod_access
Order,mod_access
Action,mod_actions
Script,mod_actions
Alias,mod_alias
AliasMatch,mod_alias
Redirect,mod_alias
RedirectMatch,mod_alias
RedirectPermanent,mod_alias
RedirectTemp,mod_alias
ScriptAlias,mod_alias
ScriptAliasMatch,mod_alias
AllowMethods,mod_allowmethods
AuthAuthoritative,mod_auth
AuthUserFile,mod_auth
AuthGroupFile,mod_auth     
Anonymous,mod_auth_anon
Anonymous_Authoritative,mod_auth_anon
Anonymous_LogEmail,mod_auth_anon
Anonymous_MustGiveEmail,mod_auth_anon
Anonymous_NoUserID,mod_auth_anon
Anonymous_VerifyEmail,mod_auth_anon
AuthBasicAuthoritative,mod_auth_basic
AuthBasicFake,mod_auth_basic
AuthBasicProvider,mod_auth_basic
AuthBasicUseDigestAlgorithm,mod_auth_basic
AuthDBAuthoritative,mod_auth_db
AuthDBGroupFile,mod_auth_db
AuthDBUserFile,mod_auth_db
AuthDBMAuthoritative,mod_auth_dbm
AuthDBMGroupFile,mod_auth_dbm
AuthDBMType,mod_auth_dbm
AuthDBMUserFile,mod_auth_dbm
AuthDigestAlgorithm,mod_auth_digest
AuthDigestAlgorithm,mod_auth_digest
AuthDigestDomain,mod_auth_digest
AuthDigestFile,mod_auth_digest
AuthDigestGroupFile,mod_auth_digest
AuthDigestNcCheck,mod_auth_digest
AuthDigestNcCheck,mod_auth_digest
AuthDigestNonceFormat,mod_auth_digest
AuthDigestNonceFormat,mod_auth_digest
AuthDigestNonceLifetime,mod_auth_digest
AuthDigestNonceLifetime,mod_auth_digest
AuthDigestProvider,mod_auth_digest
AuthDigestQop,mod_auth_digest
AuthDigestShmemSize,mod_auth_digest
AuthFormAuthoritative,mod_auth_form
AuthFormBody,mod_auth_form
AuthFormDisableNoStore,mod_auth_form
AuthFormFakeBasicAuth,mod_auth_form
AuthFormLocation,mod_auth_form
AuthFormLoginRequiredLocation,mod_auth_form
AuthFormLoginSuccessLocation,mod_auth_form
AuthFormLogoutLocation,mod_auth_form
AuthFormMethod,mod_auth_form
AuthFormMimetype,mod_auth_form
AuthFormPassword,mod_auth_form
AuthFormProvider,mod_auth_form
AuthFormSitePassphrase,mod_auth_form
AuthFormSize,mod_auth_form
AuthFormUsername,mod_auth_form
AuthLDAPAuthoritative,mod_auth_ldap
AuthLDAPBindDN,mod_auth_ldap
AuthLDAPBindPassword,mod_auth_ldap
AuthLDAPCompareDNOnServer,mod_auth_ldap
AuthLDAPDereferenceAliases,mod_auth_ldap
AuthLDAPEnabled,mod_auth_ldap
AuthLDAPFrontPageHack,mod_auth_ldap
AuthLDAPGroupAttribute,mod_auth_ldap
AuthLDAPGroupAttributeIsDN,mod_auth_ldap
AuthLDAPRemoteUserIsDN,mod_auth_ldap
AuthLDAPStartTLS,mod_auth_ldap
AuthLDAPUrl,mod_auth_ldap
AuthDBDUserPWQuery,mod_authn_dbd
AuthDBDUserRealmQuery,mod_authn_dbd
AuthnCacheContext,mod_authn_socache
AuthnCacheEnable,mod_authn_socache
AuthnCacheProvideFor,mod_authn_socache
AuthnCacheSOCache,mod_authn_socache
AuthnCacheTimeout,mod_authn_socache
AuthnzFcgiCheckAuthnProvider,mod_authnz_fgci
AuthnzFcgiDefineProvider,mod_authnz_fgci
AuthMerging,mod_authz_core
AuthzSendForbiddenOnFailure,mod_authz_core
AuthzDBDLoginToReferer,mod_authz_dbd
AuthzDBDQuery,mod_authz_dbd
AuthzDBDRedirectQuery,mod_authz_dbd
AuthzDBMType,mod_authz_dbd
AddAlt,mod_autoindex
AddAltByEncoding,mod_autoindex
AddAltByType,mod_autoindex
AddDescription,mod_autoindex
AddIcon,mod_autoindex
AddIconByEncoding,mod_autoindex
AddIconByType,mod_autoindex
DefaultIcon,mod_autoindex
FancyIndexing,mod_autoindex
HeaderName,mod_autoindex
IndexHeadInsert,mod_autoindex
IndexIgnore,mod_autoindex
IndexIgnoreReset,mod_autoindex
IndexOptions,mod_autoindex
IndexOrderDefault,mod_autoindex
IndexStyleSheet,mod_autoindex
ReadmeName,mod_autoindex
BrowserMatch,mod_browser
BrowserMatchNoCase,mod_browser
BufferSize,mod_buffer
CacheDefaultExpire,mod_cache
CacheDetailHeader,mod_cache
CacheDisable,mod_cache
CacheEnable,mod_cache
CacheHeader,mod_cache
CacheIgnoreCacheControl,mod_cache
CacheIgnoreHeaders,mod_cache
CacheIgnoreNoLastMod,mod_cache
CacheIgnoreQueryString,mod_cache
CacheIgnoreURLSessionIdentifiers,mod_cache
CacheKeyBaseURL,mod_cache
CacheLastModifiedFactor,mod_cache
CacheLock,mod_cache
CacheLockMaxAge,mod_cache
CacheLockPath,mod_cache
CacheMaxExpire,mod_cache
CacheMaxFileSize,mod_cache
CacheMinExpire,mod_cache
CacheMinFileSize,mod_cache
CacheOn,mod_cache
CacheQuickHandler,mod_cache
CacheStaleOnError,mod_cache
CacheStoreExpired,mod_cache
CacheStoreNoStore,mod_cache
CacheStorePrivate,mod_cache
CacheReadSize,mod_cache_disk
CacheReadTime,mod_cache_disk
CacheSocache,mod_cache_socache
CacheSocacheMaxSize,mod_cache_socache
CacheSocacheMaxTime,mod_cache_socache
CacheSocacheMinTime,mod_cache_socache
CacheSocacheReadSize,mod_cache_socache
CacheSocacheReadTime,mod_cache_socache
MetaDir,mod_cern_meta
MetaDir,mod_cern_meta
MetaFiles,mod_cern_meta
MetaSuffix,mod_cern_meta
ScriptLog,mod_cgi
ScriptLogBuffer,mod_cgi
ScriptLogLength,mod_cgi
CGIDScriptTimeout,mod_cgid
ScriptLog,mod_cgid
ScriptLogBuffer,mod_cgid
ScriptLogLength,mod_cgid
ScriptSock,mod_cgid
CharsetDefault,mod_charset_lite
CharsetOptions,mod_charset_lite
CharsetSourceEnc,mod_charset_lite
CookieLog,mod_cookies
Dav,mod_dav
DavDepthInfinity,mod_dav
DavLockDB,mod_dav
DavMinTimeout,mod_dav
DavGenericLockDB,mod_dav_lock
DBDExptime,mod_dbd
DBDInitSQL,mod_dbd
DBDKeep,mod_dbd
DBDMax,mod_dbd
DBDMin,mod_dbd
DBDParams,mod_dbd
DBDPersist,mod_dbd
DBDPrepareSQL,mod_dbd
DBDriver,mod_dbd
DeflateBufferSize,mod_deflate
DeflateCompressionLevel,mod_deflate
DeflateFilterNote,mod_deflate
DeflateInflateLimitRequestBody,mod_deflate
DeflateInflateRatioBurst,mod_deflate
DeflateInflateRatioLimit,mod_deflate
DeflateMemLevel,mod_deflate
DeflateWindowSize,mod_deflate
ModemStandard,mod_dialup
AuthDigestFile,mod_digest
DirectoryCheckHandler,mod_dir
DirectoryIndex,mod_dir
DirectoryIndexRedirect,mod_dir
DirectorySlash,mod_dir
FallbackResource,mod_dir
LoadFile,mod_dld
LoadModule,mod_dld
DumpIOInput,mod_dumpio
DumpIOOutput,mod_dumpio
ProtocolEcho,mod_echo
PassEnv,mod_env
SetEnv,mod_env
UnsetEnv,mod_env
AsyncRequestWorkerFactor,mod_event
Example,mod_example
ExpiresActive,mod_expires
ExpiresByType,mod_expires
ExpiresDefault,mod_expires
ExtFilterDefine,mod_ext_filter
ExtFilterOptions,mod_ext_filter
CacheFile,mod_file_cache
MMapFile,mod_file_cache
AddOutputFilterByType,mod_filter
FilterChain,mod_filter
FilterDeclare,mod_filter
FilterProtocol,mod_filter
FilterProvider,mod_filter
FilterTrace,mod_filter
Header,mod_headers
RequestHeader,mod_headers
HeartbeatAddress,mod_heartbeat
HeartbeatListen,mod_heartbeat
HeartbeatMaxServers,mod_heartbeat
HeartbeatStorage,mod_heartbeat
HeartbeatStorage,mod_heartbeat
IdentityCheckTimeout,mod_ident
ImapBase,mod_imap
ImapDefault,mod_imap
ImapMenu,mod_imap
SSIEndTag,mod_include
SSIErrorMsg,mod_include
SSIETag,mod_include
SSILastModified,mod_include
SSILegacyExprParser,mod_include
SSIStartTag,mod_include
SSITimeFormat,mod_include
SSIUndefinedEcho,mod_include
XBitHack,mod_include
AddModuleInfo,mod_info
ISAPICacheFile,mod_isapi
ISAPIFakeAsync,mod_isapi
ISAPIFileCache,mod_isapi
ISAPIAppendLogToErrors,mod_isapi (Win32)
ISAPIAppendLogToQuery,mod_isapi (Win32)
ISAPILogNotSupported,mod_isapi (Win32)
ISAPIReadAheadBuffer,mod_isapi (Win32)
LDAPCacheEntries,mod_ldap
LDAPCacheTTL,mod_ldap
LDAPCertDBPath,mod_ldap
LDAPConnectionPoolTTL,mod_ldap
LDAPConnectionTimeout,mod_ldap
LDAPLibraryDebug,mod_ldap
LDAPOpCacheEntries,mod_ldap
LDAPOpCacheTTL,mod_ldap
LDAPReferralHopLimit,mod_ldap
LDAPReferrals,mod_ldap
LDAPRetries,mod_ldap
LDAPRetryDelay,mod_ldap
LDAPSharedCacheFile,mod_ldap
LDAPSharedCacheSize,mod_ldap
LDAPTimeout,mod_ldap
LDAPTrustedClientCert,mod_ldap
LDAPTrustedGlobalCert,mod_ldap
LDAPTrustedMode,mod_ldap
LDAPVerifyServerCert,mod_ldap
AgentLog,mod_log_agent
TransferLog,mod_log_common
BufferedLogs,mod_log_config
CookieLog,mod_log_config
CustomLog,mod_log_config
LogFormat,mod_log_config
TransferLog,mod_log_config
LogMessage,mod_log_debug
ForensicLog,mod_log_forensic
RefererIgnore,mod_log_referer
RefererLog,mod_log_referer
LogIOTrackTTFB,mod_logio
LuaAuthzProvider,mod_lua
LuaCodeCache,mod_lua
LuaHookAccessChecker,mod_lua
LuaHookAuthChecker,mod_lua
LuaHookCheckUserID,mod_lua
LuaHookFixups,mod_lua
LuaHookInsertFilter,mod_lua
LuaHookLog,mod_lua
LuaHookMapToStorage,mod_lua
LuaHookTranslateName,mod_lua
LuaHookTypeChecker,mod_lua
LuaInherit,mod_lua
LuaInputFilter,mod_lua
LuaMapHandler,mod_lua
LuaOutputFilter,mod_lua
LuaPackageCPath,mod_lua
LuaPackagePath,mod_lua
LuaQuickHandler,mod_lua
LuaRoot,mod_lua
LuaScope,mod_lua
UndefMacro,mod_macro
Use,mod_macro
AddCharset,mod_mime
AddEncoding,mod_mime
AddHandler,mod_mime
AddInputFilter,mod_mime
AddLanguage,mod_mime
AddOutputFilter,mod_mime
AddType,mod_mime
DefaultLanguage,mod_mime
ForceType,mod_mime
ModMimeUsePathInfo,mod_mime
MultiviewsMatch,mod_mime
RemoveCharset,mod_mime
RemoveEncoding,mod_mime
RemoveHandler,mod_mime
RemoveInputFilter,mod_mime
RemoveLanguage,mod_mime
RemoveOutputFilter,mod_mime
RemoveType,mod_mime
SetHandler,mod_mime
TypesConfig,mod_mime
MimeMagicFile,mod_mime_magic
MMapFile,mod_mmap_static
CacheNegotiatedDocs,mod_negotiation
ForceLanguagePriority,mod_negotiation
LanguagePriority,mod_negotiation
NWSSLTrustedCerts,mod_nw_ssl
NWSSLUpgradeable,mod_nw_ssl
SecureListen,mod_nw_ssl
PerlDispatchHandler,mod_perl 1
PerlFreshRestart,mod_perl 1
PerlHandler,mod_perl 1
PerlOpmask,mod_perl 1
PerlRestartHandler,mod_perl 1
PerlScript,mod_perl 1
PerlSendHeader,mod_perl 1
PerlSetupEnv,mod_perl 1
PerlTaintCheck,mod_perl 1
PerlTransHandler,mod_perl 1
PerlWarn,mod_perl 1
PerlAccessHandler,mod_perl 1+2
PerlAddVar,mod_perl 1+2
PerlAuthenHandler,mod_perl 1+2
PerlAuthzHandler,mod_perl 1+2
PerlChildExitHandler,mod_perl 1+2
PerlChildInitHandler,mod_perl 1+2
PerlCleanupHandler,mod_perl 1+2
PerlFixupHandler,mod_perl 1+2
PerlHeaderParserHandler,mod_perl 1+2
PerlInitHandler,mod_perl 1+2
PerlLogHandler,mod_perl 1+2
PerlModule,mod_perl 1+2
PerlPassEnv,mod_perl 1+2
PerlPostReadRequestHandler,mod_perl 1+2
PerlRequire,mod_perl 1+2
PerlSetEnv,mod_perl 1+2
PerlSetVar,mod_perl 1+2
PerlTypeHandler,mod_perl 1+2
PerlInputFilterHandler,mod_perl 2
PerlInterpMax,mod_perl 2
PerlInterpMaxRequests,mod_perl 2
PerlInterpMaxSpare,mod_perl 2
PerlInterpMinSpare,mod_perl 2
PerlInterpScope,mod_perl 2
PerlInterpStart,mod_perl 2
PerlLoadModule,mod_perl 2
PerlOpenLogsHandler,mod_perl 2
PerlOptions,mod_perl 2
PerlOutputFilterHandler,mod_perl 2
PerlPostConfigHandler,mod_perl 2
PerlPreConnectionHandler,mod_perl 2
PerlProcessConnectionHandler,mod_perl 2
PerlResponseHandler,mod_perl 2
PerlSetInputFilter,mod_perl 2
PerlSetOutputFilter,mod_perl 2
PerlSwitches,mod_perl 2
PerlTrace,mod_perl 2
DTracePrivileges,mod_privileges
PrivilegesMode,mod_privileges
VHostCGIMode,mod_privileges
VHostCGIPrivs,mod_privileges
VHostGroup,mod_privileges
VHostPrivs,mod_privileges
VHostSecure,mod_privileges
VHostUser,mod_privileges
AllowCONNECT,mod_proxy
BalancerGrowth,mod_proxy
BalancerInherit,mod_proxy
BalancerMember,mod_proxy
BalancerPersist,mod_proxy
CacheDefaultExpire,mod_proxy
CacheDirLength,mod_proxy
CacheDirLevels,mod_proxy
CacheForceCompletion,mod_proxy
CacheGcInterval,mod_proxy
CacheLastModifiedFactor,mod_proxy
CacheMaxExpire,mod_proxy
CacheRoot,mod_proxy
CacheSize,mod_proxy
NoCache,mod_proxy
NoProxy,mod_proxy
ProxyAddHeaders,mod_proxy
ProxyBadHeader,mod_proxy
ProxyBlock,mod_proxy
ProxyDomain,mod_proxy
ProxyErrorOverride,mod_proxy
ProxyHTMLURLMap,mod_proxy
ProxyIOBufferSize,mod_proxy
ProxyMaxForwards,mod_proxy
ProxyPass,mod_proxy
ProxyPassInherit,mod_proxy
ProxyPassInterpolateEnv,mod_proxy
ProxyPassMatch,mod_proxy
ProxyPassReverse,mod_proxy
ProxyPassReverseCookieDomain,mod_proxy
ProxyPassReverseCookiePath,mod_proxy
ProxyPreserveHost,mod_proxy
ProxyReceiveBufferSize,mod_proxy
ProxyRemote,mod_proxy
ProxyRemote,mod_proxy
ProxyRemoteMatch,mod_proxy
ProxyRequests,mod_proxy
ProxySet,mod_proxy
ProxySourceAddress,mod_proxy
ProxyStatus,mod_proxy
ProxyTimeout,mod_proxy
ProxyVia,mod_proxy
ProxyExpressDBMFile,mod_proxy_express
ProxyExpressDBMType,mod_proxy_express
ProxyExpressEnable,mod_proxy_express
ProxyFtpDirCharset,mod_proxy_ftp
ProxyFtpEscapeWildcards,mod_proxy_ftp
ProxyFtpListOnWildcard,mod_proxy_ftp
ProxyHTMLBufSize,mod_proxy_html
ProxyHTMLCharsetOut,mod_proxy_html
ProxyHTMLDocType,mod_proxy_html
ProxyHTMLEnable,mod_proxy_html
ProxyHTMLEvents,mod_proxy_html
ProxyHTMLExtended,mod_proxy_html
ProxyHTMLFixups,mod_proxy_html
ProxyHTMLInterp,mod_proxy_html
ProxyHTMLLinks,mod_proxy_html
ProxyHTMLMeta,mod_proxy_html
ProxyHTMLStripComments,mod_proxy_html
ProxySCGIInternalRedirect,mod_proxy_scgi
ProxySCGISendfile,mod_proxy_scgi
PythonAccessHandler,mod_python
PythonAuthenHandler,mod_python
PythonAuthzHandler,mod_python
PythonAutoReload,mod_python
PythonCleanupHandler,mod_python
PythonConnectionHandler,mod_python
PythonDebug,mod_python
PythonEnablePdb,mod_python
PythonFixupHandler,mod_python
PythonHandler,mod_python
PythonHandlerModule,mod_python
PythonHeaderParserHandler,mod_python
PythonImport,mod_python
PythonInitHandler,mod_python
PythonInputFilter,mod_python
PythonInterpPerDirective,mod_python
PythonInterpPerDirectory,mod_python
PythonInterpreter,mod_python
PythonLogHandler,mod_python
PythonOptimize,mod_python
PythonOption,mod_python
PythonOutputFilter,mod_python
PythonPath,mod_python
PythonPostReadRequestHandler,mod_python
PythonTransHandler,mod_python
PythonTypeHandler,mod_python
ReflectorHeader,mod_reflector
RemoteIPHeader,mod_remoteip
RemoteIPInternalProxy,mod_remoteip
RemoteIPInternalProxyList,mod_remoteip
RemoteIPProxiesHeader,mod_remoteip
RemoteIPTrustedProxy,mod_remoteip
RemoteIPTrustedProxyList,mod_remoteip
RequestReadTimeout,mod_reqtimeout
KeptBodySize,mod_request
RewriteBase,mod_rewrite
RewriteCond,mod_rewrite
RewriteEngine,mod_rewrite
RewriteLock,mod_rewrite
RewriteLog,mod_rewrite
RewriteLogLevel,mod_rewrite
RewriteMap,mod_rewrite
RewriteOptions,mod_rewrite
RewriteRule,mod_rewrite
InputSed,mod_sed
OutputSed,mod_sed
Session,mod_session
SessionEnv,mod_session
SessionExclude,mod_session
SessionHeader,mod_session
SessionInclude,mod_session
SessionMaxAge,mod_session
SessionCookieName,mod_session_cookie
SessionCookieName2,mod_session_cookie
SessionCookieRemove,mod_session_cookie
SessionCryptoCipher,mod_session_crypto
SessionCryptoDriver,mod_session_crypto
SessionCryptoPassphrase,mod_session_crypto
SessionCryptoPassphraseFile,mod_session_crypto
SessionDBDCookieName,mod_session_dbd
SessionDBDCookieName2,mod_session_dbd
SessionDBDCookieRemove,mod_session_dbd
SessionDBDDeleteLabel,mod_session_dbd
SessionDBDInsertLabel,mod_session_dbd
SessionDBDPerUser,mod_session_dbd
SessionDBDSelectLabel,mod_session_dbd
SessionDBDUpdateLabel,mod_session_dbd
BrowserMatch,mod_setenvif
BrowserMatchNoCase,mod_setenvif
SetEnvIf,mod_setenvif
SetEnvIfExpr,mod_setenvif
SetEnvIfNoCase,mod_setenvif
LoadFile,mod_so
LoadModule,mod_so
CheckCaseOnly,mod_speling
CheckSpelling,mod_speling
SSLBanCipher,mod_ssl
SSLCACertificateFile,mod_ssl
SSLCACertificateFile,mod_ssl
SSLCACertificateFile,mod_ssl
SSLCACertificatePath,mod_ssl
SSLCACertificatePath,mod_ssl
SSLCACertificatePath,mod_ssl
SSLCacheServerPath,mod_ssl
SSLCacheServerPort,mod_ssl
SSLCacheServerRunDir,mod_ssl
SSLCADNRequestFile,mod_ssl
SSLCADNRequestPath,mod_ssl
SSLCARevocationCheck,mod_ssl
SSLCARevocationFile,mod_ssl
SSLCARevocationFile,mod_ssl
SSLCARevocationPath,mod_ssl
SSLCARevocationPath,mod_ssl
SSLCertificateChainFile,mod_ssl
SSLCertificateChainFile,mod_ssl
SSLCertificateFile,mod_ssl
SSLCertificateFile,mod_ssl
SSLCertificateFile,mod_ssl
SSLCertificateKeyFile,mod_ssl
SSLCertificateKeyFile,mod_ssl
SSLCertificateKeyFile,mod_ssl
SSLCheckClientDN,mod_ssl
SSLCipherSuite,mod_ssl
SSLCipherSuite,mod_ssl
SSLCompression,mod_ssl
SSLCryptoDevice,mod_ssl
SSLDenySSL,mod_ssl
SSLDisable,mod_ssl
SSLEnable,mod_ssl
SSLEngine,mod_ssl
SSLEngine,mod_ssl
SSLEngineID,mod_ssl
SSLExportClientCertificates,mod_ssl
SSLFakeBasicAuth,mod_ssl
SSLFIPS,mod_ssl
SSLHonorCipherOrder,mod_ssl
SSLInsecureRenegotiation,mod_ssl
SSLKeyNoteTrustedAssertion,mod_ssl
SSLKeyNoteTrustedIssuerTemplate,mod_ssl
SSLLog,mod_ssl
SSLLog,mod_ssl
SSLLogLevel,mod_ssl
SSLLogLevel,mod_ssl
SSLMutex,mod_ssl
SSLMutex,mod_ssl
SSLNoCAList,mod_ssl
SSLOCSPDefaultResponder,mod_ssl
SSLOCSPEnable,mod_ssl
SSLOCSPOverrideResponder,mod_ssl
SSLOCSPResponderTimeout,mod_ssl
SSLOCSPResponseMaxAge,mod_ssl
SSLOCSPResponseTimeSkew,mod_ssl
SSLOCSPUseRequestNonce,mod_ssl
SSLOpenSSLConfCmd,mod_ssl
SSLOptions,mod_ssl
SSLOptions,mod_ssl
SSLPassPhraseDialog,mod_ssl
SSLPassPhraseDialog,mod_ssl
SSLProtocol,mod_ssl
SSLProtocol,mod_ssl
SSLProxyCACertificateFile,mod_ssl
SSLProxyCACertificatePath,mod_ssl
SSLProxyCARevocationCheck,mod_ssl
SSLProxyCARevocationFile,mod_ssl
SSLProxyCARevocationPath,mod_ssl
SSLProxyCheckPeerCN,mod_ssl
SSLProxyCheckPeerExpire,mod_ssl
SSLProxyCheckPeerName,mod_ssl
SSLProxyCipherSuite,mod_ssl
SSLProxyEngine,mod_ssl
SSLProxyMachineCertificateChainFile,mod_ssl
SSLProxyMachineCertificateFile,mod_ssl
SSLProxyMachineCertificatePath,mod_ssl
SSLProxyProtocol,mod_ssl
SSLProxyVerify,mod_ssl
SSLProxyVerifyDepth,mod_ssl
SSLRandomFile,mod_ssl
SSLRandomFilePerConnection,mod_ssl
SSLRandomSeed,mod_ssl
SSLRandomSeed,mod_ssl
SSLRenegBufferSize,mod_ssl
SSLRequire,mod_ssl
SSLRequire,mod_ssl
SSLRequireCipher,mod_ssl
SSLRequiredCiphers,mod_ssl
SSLRequireSSL,mod_ssl
SSLRequireSSL,mod_ssl
SSLRequireSSL,mod_ssl
SSLSessionCache,mod_ssl
SSLSessionCache,mod_ssl
SSLSessionCacheTimeout,mod_ssl
SSLSessionCacheTimeout,mod_ssl
SSLSessionCacheTimeout,mod_ssl
SSLSessionTicketKeyFile,mod_ssl
SSLSessionTickets,mod_ssl
SSLSRPUnknownUserSeed,mod_ssl
SSLSRPVerifierFile,mod_ssl
SSLStaplingCache,mod_ssl
SSLStaplingErrorCacheTimeout,mod_ssl
SSLStaplingFakeTryLater,mod_ssl
SSLStaplingForceURL,mod_ssl
SSLStaplingResponderTimeout,mod_ssl
SSLStaplingResponseMaxAge,mod_ssl
SSLStaplingResponseTimeSkew,mod_ssl
SSLStaplingReturnResponderErrors,mod_ssl
SSLStaplingStandardCacheTimeout,mod_ssl
SSLStrictSNIVHostCheck,mod_ssl
SSLUserName,mod_ssl
SSLUseStapling,mod_ssl
SSLVerifyClient,mod_ssl
SSLVerifyClient,mod_ssl
SSLVerifyClient,mod_ssl
SSLVerifyDepth,mod_ssl
SSLVerifyDepth,mod_ssl
SSLVerifyDepth,mod_ssl
ExtendedStatus,mod_status
Substitute,mod_substitute
SubstituteMaxLineLength,mod_substitute
SuexecUserGroup,mod_suexec
ChrootDir,mod_unixd
Suexec,mod_unixd
UserDir,mod_userdir
CookieDomain,mod_usertrack
CookieExpires,mod_usertrack
CookieName,mod_usertrack
CookieStyle,mod_usertrack
CookieTracking,mod_usertrack
VirtualDocumentRoot,mod_vhost_alias
VirtualDocumentRootIP,mod_vhost_alias
VirtualScriptAlias,mod_vhost_alias
VirtualScriptAliasIP,mod_vhost_alias
WatchdogInterval,mod_watchdog
xml2EncAlias,mod_xml2enc
xml2EncDefault,mod_xml2enc
xml2StartParse,mod_xml2enc
CoreDumpDirectory,mpm_common
EnableExceptionHook,mpm_common
GracefulShutdownTimeout,mpm_common
Group,mpm_common
Listen,mpm_common
ListenBackLog,mpm_common
LockFile,mpm_common
MaxClients,mpm_common
MaxConnectionsPerChild,mpm_common
MaxMemFree,mpm_common
MaxRequestsPerChild,mpm_common
MaxRequestWorkers,mpm_common
MaxSpareThreads,mpm_common
MaxThreadsPerChild,mpm_common
MinSpareThreads,mpm_common
NumServers,mpm_common
PidFile,mpm_common
ReceiveBufferSize,mpm_common
ScoreBoardFile,mpm_common
SendBufferSize,mpm_common
ServerLimit,mpm_common
StartServers,mpm_common
StartThreads,mpm_common
ThreadLimit,mpm_common
ThreadsPerChild,mpm_common
User,mpm_common
MaxClientsVHost,mpm_itk
Listen,mpm_netware
ListenBacklog,mpm_netware
MaxRequestsPerChild,mpm_netware
MaxSpareThreads,mpm_netware
MaxThreads,mpm_netware
MinSpareThreads,mpm_netware
SendBufferSize,mpm_netware
StartThreads,mpm_netware
ThreadStackSize,mpm_netware
AssignUserId,mpm_perchild
ChildPerUserId,mpm_perchild
CoreDumpDirectory,mpm_perchild
Group,mpm_perchild
Listen,mpm_perchild
ListenBacklog,mpm_perchild
LockFile,mpm_perchild
MaxRequestsPerChild,mpm_perchild
MaxSpareThreads,mpm_perchild
MaxThreadsPerChild,mpm_perchild
MinSpareThreads,mpm_perchild
NumServers,mpm_perchild
PidFile,mpm_perchild
ScoreBoardFile,mpm_perchild
SendBufferSize,mpm_perchild
StartThreads,mpm_perchild
User,mpm_perchild
ServerEnvironment,mpm_peruser
AcceptMutex,mpm_prefork
CoreDumpDirectory,mpm_prefork
Listen,mpm_prefork
ListenBacklog,mpm_prefork
LockFile,mpm_prefork
MaxRequestsPerChild,mpm_prefork
MaxSpareServers,mpm_prefork
MaxSpareServers,mpm_prefork
MinSpareServers,mpm_prefork
MinSpareServers,mpm_prefork
PidFile,mpm_prefork
ScoreBoardFile,mpm_prefork
SendBufferSize,mpm_prefork
ServerLimit,mpm_prefork
StartServers,mpm_prefork
User,mpm_prefork
CoreDumpDirectory,mpm_winnt
Listen,mpm_winnt
ListenBacklog,mpm_winnt
MaxRequestsPerChild,mpm_winnt
PidFile,mpm_winnt
SendBufferSize,mpm_winnt
ThreadsPerChild,mpm_winnt
CoreDumpDirectory,mpm_worker
Group,mpm_worker
Listen,mpm_worker
ListenBacklog,mpm_worker
LockFile,mpm_worker
MaxClients,mpm_worker
MaxRequestsPerChild,mpm_worker
MaxSpareThreads,mpm_worker
MinSpareThreads,mpm_worker
PidFile,mpm_worker
ScoreBoardFile,mpm_worker
SendBufferSize,mpm_worker
ServerLimit,mpm_worker
StartServers,mpm_worker
ThreadLimit,mpm_worker
ThreadsPerChild,mpm_worker
User,mpm_worker
DefaultMode,(obsolete)
DocTitle,(obsolete)
DocTrailer,(obsolete)
HeadPrefix,(obsolete)
HeadSuffix,(obsolete)
HideSys,(obsolete)
HideURL,(obsolete)
HTMLDir,(obsolete)
HTTPLogFile,(obsolete)
LastURLs,(obsolete)
PrivateDir,(obsolete)
TopSites,(obsolete)
TopURLs,(obsolete)
