add,(general)
All,(general)
allow,(general)
any,(general)
append,(general)
AuthConfig,(general)
Basic,(general)
CONNECT,(general)
default,(general)
DELETE,(general)
deny,(general)
Digest,(general)
double,(general)
downgrade-1.0,(general)
email,(general)
env,(general)
error,(general)
ExecCGI,(general)
FancyIndexing,(general)
fcntl,(general)
FileInfo,(general)
flock,(general)
FollowSymLinks,(general)
force-response-1.0,(general)
formatted,(general)
from,(general)
full,(general)
GET,(general)
gone,(general)
group,(general)
IconsAreLinks,(general)
Includes,(general)
IncludesNOEXEC,(general)
Indexes,(general)
inetd,(general)
inherit,(general)
INode,(general)
Limit,(general)
map,(general)
Minimal,(general)
MTime,(general)
MultiViews,(general)
mutual-failure,(general)
nocontent,(general)
nokeepalive,(general)
none,(general)
off,(general)
on,(general)
Options,(general)
OS,(general)
os2sem,(general)
permanent,(general)
POST,(general)
pthread,(general)
PUT,(general)
referer,(general)
ScanHTMLTitles,(general)
seeother,(general)
semi-formatted,(general)
set,(general)
standalone,(general)
SuppressDescription,(general)
SuppressLastModified,(general)
SuppressSize,(general)
SymLinksIfOwnerMatch,(general)
sysvsem,(general)
temporary,(general)
tpfcore,(general)
unformatted,(general)
unset,(general)
URL,(general)
user,(general)
uslock,(general)
valid-user,(general)
3DES,cipher stuff
ADH,cipher stuff
ADH-DES-CBC-SHA,cipher stuff
ADH-DES-CBC3-SHA,cipher stuff
ADH-RC4-MD,cipher stuff
ADH-RC4-MD5,cipher stuff
aDSS,cipher stuff
aNULL,cipher stuff
aRSA,cipher stuff
DES,cipher stuff
DES-CBC-MD5,cipher stuff
DES-CBC-SHA,cipher stuff
DES-CBC3-MD5,cipher stuff
DES-CBC3-SHA,cipher stuff
DES-CFB-M1,cipher stuff
DH,cipher stuff
DH-DSS-DES-CBC-SHA,cipher stuff
DH-DSS-DES-CBC3-SHA,cipher stuff
DH-RSA-DES-CBC-SHA,cipher stuff
DH-RSA-DES-CBC3-SHA,cipher stuff
DSS,cipher stuff
EDH,cipher stuff
EDH-DSS-DES-CBC-SHA,cipher stuff
EDH-DSS-DES-CBC3-SHA,cipher stuff
EDH-RSA-DES-CBC-SHA,cipher stuff
EDH-RSA-DES-CBC3-SHA,cipher stuff
egd,cipher stuff
eNULL,cipher stuff
EXP,cipher stuff
EXP-ADH-DES-CBC-SHA,cipher stuff
EXP-ADH-RC4-MD5,cipher stuff
EXP-DES-CBC-SHA,cipher stuff
EXP-DH-DSS-DES-CBC-SHA,cipher stuff
EXP-DH-RSA-DES-CBC-SHA,cipher stuff
EXP-EDH-DSS-DES-CBC-SHA,cipher stuff
EXP-EDH-RSA-DES-CBC,cipher stuff
EXP-EDH-RSA-DES-CBC-SHA,cipher stuff
EXP-RC2-CBC-MD5,cipher stuff
EXP-RC4-MD5,cipher stuff
EXPORT40,cipher stuff
EXPORT56,cipher stuff
file,cipher stuff
FZA-FZA-CBC-SHA,cipher stuff
FZA-NULL-SHA,cipher stuff
FZA-RC4-SHA,cipher stuff
HIGH,cipher stuff
IDEA,cipher stuff
IDEA-CBC-MD5,cipher stuff
IDEA-CBC-SHA,cipher stuff
kDHd,cipher stuff
kDHr,cipher stuff
kEDH,cipher stuff
kRSA,cipher stuff
LOW,cipher stuff
MD5,cipher stuff
MEDIUM,cipher stuff
NULL,cipher stuff
NULL-MD5,cipher stuff
NULL-SHA,cipher stuff
RC2,cipher stuff
RC2-CBC-MD5,cipher stuff
RC4,cipher stuff
RC4-64-MD5,cipher stuff
RC4-MD5,cipher stuff
RC4-SHA,cipher stuff
RSA,cipher stuff
SHA,cipher stuff
SHA1,cipher stuff
send-as-is,mod_asis
cgi-script,mod_cgi
imap-file,mod_imap
server-info,mod_info
isapi-isa,mod_isapi
ldap-status,mod_ldap
Off,mod_perl
On,mod_perl
perl-script,mod_perl
Off,mod_python
On,mod_python
python-program,mod_python
All,mod_ssl
builtin,mod_ssl
CompatEnvVars,mod_ssl
connect,mod_ssl
dbm,mod_ssl
debug,mod_ssl
egd,mod_ssl
error,mod_ssl
exec,mod_ssl
ExportCertData,mod_ssl
FakeBasicAuth,mod_ssl
file,mod_ssl
info,mod_ssl
none,mod_ssl
off,mod_ssl
on,mod_ssl
optional,mod_ssl
optional_no_ca,mod_ssl
OptRenegotiate,mod_ssl
require,mod_ssl
sem,mod_ssl
shm,mod_ssl
shmcb,mod_ssl
shmht,mod_ssl
ssl-accurate-shutdown,mod_ssl
ssl-unclean-shutdown,mod_ssl
SSLv2,mod_ssl
SSLv3,mod_ssl
startup,mod_ssl
StdEnvVars,mod_ssl
StrictRequire,mod_ssl
TLSv1,mod_ssl
trace,mod_ssl
warn,mod_ssl
server-status,mod_status
